title,genres,keywords
Orbit Rescue,Sci-Fi|Adventure|Drama,space rescue astronauts survival orbit
Mars Frontier,Sci-Fi|Adventure,mars colony exploration survival science
Signal Beyond,Sci-Fi|Mystery|Drama,space signal astronomy communication mystery
Neon Circuit,Sci-Fi|Thriller,artificial intelligence cyber city technology mystery
Quantum Door,Sci-Fi|Mystery,quantum physics parallel worlds laboratory mystery
Deep Blue Station,Sci-Fi|Thriller,underwater station ocean science survival
Red Horizon,Sci-Fi|Action|Adventure,mars expedition rescue action survival
Hidden Summit,Adventure|Drama,mountain climbing friendship survival expedition
River of Maps,Adventure|Mystery,river exploration maps archaeology discovery
Storm Passage,Adventure|Thriller,ocean sailing storm rescue survival
Canyon Echo,Adventure|Mystery,canyon expedition geology cave discovery mystery
Midnight Archive,Mystery|Thriller,archive investigation documents conspiracy history
Glass Key,Mystery|Thriller,detective puzzle museum theft clues
Winter Letter,Mystery|Drama,letters family history investigation winter
Paper Trail,Mystery|Drama,journalism records investigation civic scandal
Harbor Secrets,Mystery|Drama,harbor town investigation family secrets
Second Chance Cafe,Romance|Comedy|Drama,cafe friendship romance community new beginning
Autumn Playlist,Romance|Drama|Music,music relationship autumn songwriter memories
City in Spring,Romance|Comedy,city festival romance photography comedy
Shared Table,Romance|Comedy,cooking restaurant friendship romance
Bookshop Saturday,Romance|Comedy,bookshop literature friendship romance community
Kitchen Chaos,Comedy|Family,cooking family competition restaurant humor
Office Upgrade,Comedy,office technology workplace change humor
Weekend Detour,Comedy|Adventure,road trip friends travel mistakes humor
Neighborhood League,Comedy|Family|Sport,community sports football teamwork humor
Final Whistle,Sport|Drama,football team coach teamwork resilience
Open Court,Sport|Drama,basketball youth coach community teamwork
Marathon Morning,Sport|Drama,running marathon training friendship endurance
Little Inventors,Family|Comedy,children invention science school competition
Robot Club,Family|Sci-Fi|Comedy,robotics school technology competition teamwork
Sunday Orchestra,Family|Music|Drama,music orchestra youth community performance
Green Tomorrow,Family|Drama,environment school community sustainability
